topic_id,topic_polarity,topic_text,template_id,template_text,prompt_text,topic_pro,topic_con,topic_neutral,response_text,model,stance_label,label_model
0,neutral,cultural mythologies,lmsys-601323,Write the start of a story about [I],Write the start of a story about cultural mythologies,cultural mythologies being good,cultural mythologies being bad,cultural mythologies,"Okay, here's the start of a story weaving together elements of cultural mythologies. I've aimed for a slightly mysterious, atmospheric tone, and left it open for further development.  I've included some notes at the end about the mythologies I'm drawing from, in case you want to explore them further.

---

The dust tasted of longing. Elara knew it instinctively, the fine grit coating her tongue a phantom echo of something lost. She’s been tracing the lines of the petroglyphs for hours, the late afternoon sun bleaching the sandstone walls of the Whispering Canyon to a pale, almost spectral hue. Each spiral, each stylized figure, pulsed with a silent story – a story the elders said was older than the mountains themselves.

Elara wasn't an elder, not yet. She was a Listener, a young woman chosen for her sensitivity, her ability to feel the vibrations of the past embedded in the rock. Most Listeners found echoes – fleeting images, a snatch of song, the scent of a forgotten herb. Elara, however, felt something… different. A resonance. A pull.

It started subtly, a tremor in her fingertips when she touched the carving of the Thunderbird, its wings outstretched in eternal flight. Then it deepened, a low hum in her bones that vibrated in sync with the glyphs. Today, it felt almost tangible, a shimmering heat radiating from the depiction of a coiled serpent, its scales meticulously etched into the stone.

""You're quiet today, Elara,"" a voice rumbled behind her. It was Kaelen, the village’s most senior Listener, his face a roadmap of wrinkles earned from years spent communing with the stone. He carried a pouch of dried sage, the scent a familiar comfort in the dry air.

Elara didn't turn. ""I feel… a discordance, Kaelen. Something is… layered. Like a song with too many voices.""

Kaelen approached cautiously, his gaze fixed on the serpent glyph. He ran a weathered hand over the carving, his expression unreadable. ""Discordance is not uncommon. The stones remember much, and not all of it is harmonious.""

""But this isn't just remembering,"" Elara insisted, her voice barely a whisper. ""It's… bleeding. I feel echoes that don’t belong. A warmth… a darkness… that isn't ours.""

She pointed to a smaller, almost hidden carving",gemma3:12b,2,llama3.1:8b
0,neutral,cultural mythologies,lmsys-643412,Write the introduction to a paper on [I],Write the introduction to a paper on cultural mythologies,cultural mythologies being good,cultural mythologies being bad,cultural mythologies,"Okay, here are a few options for an introduction to a paper on cultural mythologies, ranging in tone and approach. I've included explanations after each option to help you choose the best fit for your paper's scope and audience.  **Please read the notes at the very end – they're crucial for adapting these to your specific paper!**

**Option 1: Broad & Engaging (Good for a general audience, emphasizes relevance)**

>From the epic battles of Gilgamesh to the enduring tales of King Arthur, mythology has shaped human understanding of the world for millennia. More than just fanciful stories, these narratives – passed down through generations – offer profound insights into the values, beliefs, and anxieties of the cultures that created them. This paper explores the power of cultural mythologies, arguing that they are not merely relics of the past, but living, breathing frameworks that continue to influence our perceptions of identity, morality, and the very nature of existence. By examining [mention 2-3 specific mythologies/cultural areas you're focusing on], we will uncover the enduring relevance of these stories and their ongoing impact on contemporary society.

**Explanation:**

*   **Strengths:** Captures attention with familiar examples, establishes the importance of mythology, and hints at a contemporary connection.
*   **Weaknesses:**  Can be a bit general if your paper has a very specific focus.
*   **Best for:** Papers that aim to demonstrate the broad significance of mythology and its continuing influence.

**Option 2:  Academic & Analytical (Good for a more specialized audience, emphasizes theoretical framework)**

>Mythology, often dismissed as folklore or superstition, represents a crucial lens through which to understand the underlying structures of human culture. Drawing on the theoretical frameworks of [mention key theorists – e.g., Lévi-Strauss, Campbell, Eliade], this paper investigates the function of mythology as a system of symbolic communication, revealing how these narratives encode and transmit cultural knowledge. We will analyze [mention specific mythologies/cultural areas] to demonstrate how recurring motifs, archetypes, and narrative patterns reflect and reinforce societal norms, power dynamics, and existential concerns.  Ultimately, this study seeks to illuminate the ways in which mythology serves as a foundational element in the construction of cultural identity.

**Explanation:**

*   **Strengths:**  Demonstrates academic rigor by referencing theoretical foundations. Clearly states the paper's analytical approach.
*   **Weaknesses:**  Might be less accessible to",gemma3:12b,2,llama3.1:8b
0,neutral,cultural mythologies,lmsys-732901,Write the first chapter in a novel about [I],Write the first chapter in a novel about cultural mythologies,cultural mythologies being good,cultural mythologies being bad,cultural mythologies,"Okay, here's a first chapter, aiming to establish the world, the protagonist, and a hint of the mystery to come. I've tried to weave in elements of cultural mythology, aiming for a tone that's both grounded and hinting at something deeper.  I'm aiming for a 'literary fantasy' feel, not high-action fantasy.  I've included some notes at the end about my intentions and potential directions.

**Chapter 1: The Cartographer’s Daughter**

The scent of beeswax and dried ink clung to Elara like a second skin. It was the smell of her father’s workshop, a haven tucked away in the oldest quarter of Atheria, a city built on the confluence of three rivers and layered with the echoes of a thousand stories.  Atheria was a city of maps, and her father, Master Theron, was its most celebrated cartographer.

Elara traced a finger across the vellum of a partially completed map, the lines depicting the Whisperwind Plains, a region said to be haunted by the spirits of the Sylvani, a people who vanished centuries ago, leaving behind only fragmented legends and crumbling stone circles.  Her father called them “the people who spoke with the wind.” Most dismissed them as folklore, cautionary tales for children who strayed too far from the hearth. But Elara felt, with a certainty that resonated deep within her bones, that there was more to the Sylvani than anyone knew.

“Lost in the winds again, little bird?” Her father’s voice, rough but warm, startled her. He leaned against the doorway, his face etched with the familiar lines of concentration and fatigue.  His silver hair, usually meticulously combed, was disheveled, and his spectacles perched precariously on his nose.

“Just admiring the detail, Father,” Elara replied, her voice quiet.  She was seventeen, tall and slender, with eyes the color of river stones – a trait she’s always been told she inherited from her mother, who died when she was very young.  Her mother’s memory was a fragile thing, a collection of scents and snippets of lullabies, more felt than remembered.

Theron sighed, a sound like rustling parchment. “The Whisperwind Plains… a difficult thing to chart. The land shifts. The rivers wander. It’s as if the very earth resists being pinned down.” He paused, studying the map. “Your mother was fascinated by the Sylvani.",gemma3:12b,2,llama3.1:8b
0,neutral,cultural mythologies,lmsys-10343,write the dialogue two women in their twenties are having regarding [I],write the dialogue two women in their twenties are having regarding cultural mythologies,cultural mythologies being good,cultural mythologies being bad,cultural mythologies,"Okay, here's a dialogue between two women in their twenties, discussing cultural mythologies. I've aimed for a natural, conversational tone with a mix of enthusiasm and some slightly more critical thinking. I've included notes at the bottom about potential directions you could take this further.

**Characters:**

*   **Maya:** (26) A bit of a mythology enthusiast, loves deep dives and symbolism.
*   **Chloe:** (24) Interested in mythology, but more focused on its cultural impact and how it's used/adapted.

**Setting:** A cozy coffee shop, afternoon.

**(Scene opens with Maya and Chloe at a table, coffee cups between them.)**

**Chloe:** So, I was reading this article about how Disney keeps recycling archetypes in their movies, and it made me think about mythology all over again. Like, seriously, who *doesn't* see a little Persephone in Cinderella?

**Maya:** (Eyes lighting up) Oh my god, yes! The descent into the underworld, the bargain with a powerful figure, the eventual return… it's practically a direct parallel! It's amazing how deeply ingrained those stories are.

**Chloe:** It is, but it also makes you think about how much we're just repackaging the same narratives, right? Like, are we even *really* creating anything new, or just remixing ancient stuff?

**Maya:** I think it’s both. There’s a reason these stories endure. They tap into universal human experiences – love, loss, betrayal, triumph. The specifics change, the cultures adapt them, but the core themes remain. Think about the Greek myths – they're so brutal and complex, but they explore power, ambition, fate… stuff we still grapple with.

**Chloe:** True. But sometimes I find it a little… problematic. Like, the Greek myths are full of gods behaving terribly. Glorifying that kind of behavior, even if it's framed as ""tragic"" or ""heroic,"" feels a bit… off, especially when you consider the power dynamics at play.

**Maya:** I totally get that. It’s important to be critical.  You can't just consume these myths blindly. You have to understand the context they were created in, the societal values they reflected, and how they're being interpreted now.  Like, the idea of a hero constantly battling monsters... that's a very specific cultural",gemma3:12b,3,llama3.1:8b
0,neutral,cultural mythologies,lmsys-512411,Write the beginning of a post on [I],Write the beginning of a post on cultural mythologies,cultural mythologies being good,cultural mythologies being bad,cultural mythologies,"Okay, here's a beginning to a blog post about cultural mythologies. I've aimed for a tone that's engaging and accessible, aiming to hook the reader. I've included a few different options for length and focus, so you can pick the one that best suits your overall vision for the post.  I've also included some notes at the end with ideas for expanding on each intro.

**Option 1: Short & Intriguing (Focus on Wonder)**

**(Image: A visually striking image – perhaps a composite of symbols from different mythologies like Anubis, Thor's hammer, a Celtic knot, etc.)**

**Beyond the Fairytale: Why We Still Tell Stories of Gods and Monsters**

We all love a good story. But have you ever stopped to wonder *why* certain stories persist across generations, across cultures? Why do tales of thunder gods, cunning tricksters, and epic heroes resonate so deeply, even in our modern world? These aren't just entertaining narratives; they're the bedrock of cultural mythologies – powerful stories that explain our origins, our values, and our place in the universe.  Join us as we begin to explore the fascinating world of myths, legends, and the enduring human need to make sense of it all.

---

**Option 2: Slightly Longer & More Explanatory (Focus on Function)**

**(Image: A world map highlighting regions with rich mythological traditions – Greece, Egypt, Scandinavia, Japan, etc.)**

**The Stories That Shaped Us: An Introduction to Cultural Mythologies**

From the ancient Greeks battling mythical beasts to the Native American stories explaining the creation of the world, cultures across the globe have woven intricate tapestries of myth and legend. But these aren't just fanciful tales for children. Cultural mythologies served – and in many ways *still* serve – vital roles in shaping societies. They provided explanations for natural phenomena, justified social structures, taught moral lessons, and offered a sense of identity and belonging.  Think of them as the original instruction manuals for being human, passed down through generations. In this series, we'll delve into the core concepts of mythology, explore some of the most compelling stories from around the world, and examine why these narratives continue to captivate us today.

---

**Option 3: More Personal & Question-Driven (Focus on Connection)**

**(Image: A photo of someone looking up at the stars, or an image that evokes a sense of wonder",gemma3:12b,2,llama3.1:8b
0,neutral,cultural mythologies,lmsys-155991,Write ten sentences about [I],Write ten sentences about cultural mythologies,cultural mythologies being good,cultural mythologies being bad,cultural mythologies,"Okay, here are ten sentences about cultural mythologies, aiming for a variety of aspects and levels of detail:

1.  Cultural mythologies are foundational narratives that explain a society's origins, values, and worldview.
2.  Greek mythology, with its gods and heroes like Zeus and Hercules, profoundly influenced Western art, literature, and philosophy.
3.  Many Indigenous cultures possess creation myths that describe how the world and humanity were brought into existence by powerful spirits or deities.
4.  Mythological stories often serve as allegories, conveying moral lessons and societal expectations through symbolic characters and events.
5.  The concept of a ""trickster"" figure, common in mythologies worldwide (like Loki in Norse or Coyote in Native American stories), often challenges social norms and represents chaos.
6.  Comparative mythology reveals striking parallels between seemingly disparate cultures, suggesting shared human experiences and archetypes.
7.  While often considered ""false"" in a literal sense, mythological narratives hold deep cultural significance and continue to shape identity.
8.  Egyptian mythology, with its elaborate pantheon and focus on the afterlife, reflects a society deeply concerned with mortality and spiritual journeys.
9.  The hero's journey, a recurring motif in mythologies across the globe, describes a protagonist’s transformative quest and ultimate return.
10. As societies evolve, their mythologies are often reinterpreted or adapted to reflect changing values and beliefs.



Hope these are helpful!",gemma3:12b,2,llama3.1:8b
0,neutral,cultural mythologies,lmsys-56890,write some thoughts about [I],write some thoughts about cultural mythologies,cultural mythologies being good,cultural mythologies being bad,cultural mythologies,"Okay, let's dive into some thoughts about cultural mythologies. Here's a breakdown of my thoughts, broken down into categories (what they are, why they matter, common themes, challenges in understanding, and some concluding thoughts).  I've tried to offer a range of perspectives.  **Please read the disclaimer at the very end – this is a complex topic, and this is just a starting point!**

**1. What Are Cultural Mythologies?**

*   **Beyond Just ""Myths"":** The term ""mythology"" is often misunderstood. It’s not just about fantastical stories with gods and monsters. Cultural mythologies are *narrative systems* – collections of stories, legends, rituals, symbols, and beliefs – that a culture uses to explain its world, its origins, its values, and its place in the universe. They're often intertwined with religion, but they can also exist outside of formal religious structures.
*   **Foundation Stories:** Many mythologies provide ""etiological"" narratives – stories that explain *how* something came to be.  Why the sky is blue, why humans are mortal, why certain animals have specific characteristics.
*   **Oral and Written Traditions:**  Mythologies can be passed down orally for generations before being written down (or may *never* be written down). This oral transmission leads to variations and regional adaptations.  Written versions often represent a specific point in time and may be influenced by political or social agendas.
*   **Layers of Meaning:** Mythologies are rarely straightforward. They operate on multiple levels – a literal story, a symbolic representation, and often a deeper philosophical or psychological meaning.

**2. Why Do They Matter?**

*   **Cultural Identity:** Mythologies are crucial for shaping a culture's identity. They provide a shared history, a common set of values, and a sense of belonging.  They reinforce what a culture considers important – courage, loyalty, wisdom, beauty, etc.
*   **Moral Guidance:** Myths often serve as moral instruction. They present characters facing difficult choices and illustrate the consequences of their actions. They provide models for behavior (both positive and negative).
*   **Understanding the Past:**  Mythologies offer insights into the worldview and values of past societies. They can reveal how people understood their environment, their social structures, and their relationship with the divine.
*   **Psychological Insights (Jungian Perspective):** Carl Jung believed that mythologies tap into a """,gemma3:12b,3,llama3.1:8b
0,neutral,cultural mythologies,lmsys-79380,write some poly suggestions on [I],write some poly suggestions on cultural mythologies,cultural mythologies being good,cultural mythologies being bad,cultural mythologies,"Okay, let's brainstorm some polyamorous relationship dynamics inspired by cultural mythologies. I'll aim for a range of cultures and relationship styles, with explanations of the mythological inspiration and how it could translate to a modern, ethical poly relationship.  **Please read the important disclaimers at the very end of this response.**

**I'm going to organize these into categories:  Hierarchical/Structured, Egalitarian/Fluid, and then some ""Wildcard"" ideas.**

**I. Hierarchical/Structured (Often with a Clear ""Head"" or Focal Point)**

*   **Egyptian: Isis, Osiris, and Horus (Modified)**
    *   **Mythological Inspiration:** Isis’s devotion to Osiris, his resurrection, and Horus's rightful claim to the throne are central to Egyptian mythology.  There's a clear lineage and a sense of responsibility and devotion.
    *   **Poly Relationship Interpretation:**  One person (Osiris) could be considered the ""anchor"" or primary focus, with a long-term, deeply committed relationship. The others (Isis and potentially others representing Horus or other deities) have significant, loving relationships with the anchor, and a respectful, interconnected relationship with each other.  Emphasis would be on stability, family-building (if desired), and a shared sense of purpose.  *Crucially*, this *must* be agreed upon by all parties, and the ""anchor"" role shouldn't imply dominance or control. It's about responsibility and a particular kind of commitment, not hierarchy.
    *   **Potential Challenges:**  The potential for imbalance and the need for constant communication to ensure everyone feels valued and secure.  The ""anchor"" role needs to be handled with extreme sensitivity and awareness.
*   **Greek: Zeus, Hera, and a Rotating Cast of Others (Carefully Reimagined)**
    *   **Mythological Inspiration:** Zeus was married to Hera, but also had numerous relationships with other goddesses and mortals.  This is problematic in a modern context, but we can extract elements of the *structure* (a central, long-term relationship with other significant connections) without replicating the abuse and infidelity.
    *   **Poly Relationship Interpretation:**  A long-term, committed relationship (Zeus/Hera) forms the foundation.  Other relationships are allowed and celebrated, but with clear boundaries and communication about expectations and levels of commitment.  *Crucially*, Hera’s feelings and needs are prioritized",gemma3:12b,2,llama3.1:8b
0,neutral,cultural mythologies,lmsys-135589,Write some plots for short stories portraying [I],Write some plots for short stories portraying cultural mythologies,cultural mythologies being good,cultural mythologies being bad,cultural mythologies,"Okay, here are some short story plots, drawing from various cultural mythologies, with a range of tones and complexity. I've included a brief note about the mythology and a potential ""hook"" to grab the reader.  I've also added potential themes to explore.  **Please read the notes at the end about sensitivity and research - these are crucial when dealing with mythology.**

**1.  The Weaver of Dreams (Japanese Mythology - *Noh*)**

*   **Mythology Source:** Japanese folklore, specifically drawing from the *Noh* theatre tradition, which often features spirits (kami) and stories of transformation.  The Spider Woman (Jorogumo) is a prominent figure.
*   **Plot:** A young, impoverished artist, struggling to capture the beauty of the cherry blossoms, stumbles upon a hidden grove.  There, he encounters a beautiful woman who claims to be a spirit, offering him unparalleled artistic skill – but at a terrible price: he must weave her dreams into reality, even if they are dark and unsettling.  As he creates, he begins to lose himself, blurring the line between dream and reality, and realizing the true nature of the spirit he bargained with.
*   **Hook:** ""The brush moved with a life of its own, painting scenes he hadn't imagined, born from a voice he couldn't quite remember.""
*   **Themes:**  Artistic ambition, the price of talent, the power of dreams, the dangers of bargains with supernatural beings, the loss of identity.
*   **Tone:**  Eerie, melancholic, potentially tragic.

**2.  The River's Memory (Celtic Mythology - Irish/Scottish Folklore)**

*   **Mythology Source:** Celtic folklore, particularly the concept of the *Sidhe* (fairy folk) and the reverence for rivers as living entities.  River spirits (like the Bean Nighe - Washer Woman) are common.
*   **Plot:** A young woman, Elara, living near a fast-flowing river, discovers she can hear the river's whispers – fragments of memories from those who have drowned within its currents.  She's drawn into a mystery when she hears a recurring, desperate cry for help from a young man lost centuries ago.  She must unravel the circumstances of his death, confronting the ancient grudges and betrayals that cling to the riverbank, before the river claims her too.
*   **Hook:** ""The",gemma3:12b,2,llama3.1:8b
0,neutral,cultural mythologies,lmsys-187043,Write some plots for short stories portraying [I],Write some plots for short stories portraying cultural mythologies,cultural mythologies being good,cultural mythologies being bad,cultural mythologies,"Okay, here are some short story plots drawing on different cultural mythologies, aiming for a range of tones and potential complexities. I've included a brief description of the mythology being drawn from, a plot summary, potential themes, and some notes on what makes it interesting.  I've also tried to suggest a potential ""twist"" or unexpected element for some.  **Please read the ""Important Considerations"" at the end of this list – this is crucial for respectful and accurate storytelling.**

**1.  Japanese Mythology: The Kappa and the Lost Child (Folklore/Shinto)**

*   **Mythology:** Kappa are mischievous water spirits in Japanese folklore, often depicted as humanoid creatures with a dish-shaped depression on their heads that holds water – their source of power. They are known for playing pranks, challenging humans to sumo wrestling, and sometimes drowning people. They are also sometimes seen as protectors of rivers and lakes.
*   **Plot:** A young boy wanders away from his village and gets lost near a river. He encounters a Kappa, initially frightened, but the Kappa, seeing the boy's distress, offers him food and guidance. The Kappa tests the boy with riddles and challenges, not to harm him, but to assess his character. The boy must prove his kindness and respect for nature to earn the Kappa's help in finding his way home.
*   **Themes:** Respect for nature, overcoming fear, cultural understanding, the duality of folklore (danger vs. help).
*   **Twist:** The Kappa isn't acting on its own volition. It's under the orders of a local shrine priest, who believes the boy is destined for something important and is testing him.  The Kappa's ""mischief"" is part of a ritual.
*   **Interesting Because:**  Allows exploration of Japanese reverence for nature spirits and the nuanced relationship between humans and the supernatural.

**2.  Norse Mythology: The Weaver's Loom (Eddas/Norse Paganism)**

*   **Mythology:**  The Norns are female beings who determine the fates of all beings in Norse cosmology. They weave the threads of fate on a cosmic loom.  Skuld (Future), Verdandi (Present), and Urðr (Past).
*   **Plot:** An elderly woman, a skilled weaver, begins to experience visions of past events and glimpses of the future, all intertwined with the patterns she creates on her loom. She realizes she is",gemma3:12b,2,llama3.1:8b
