topic_id,topic_text,pro_1,pro_2,pro_3,pro_4,pro_5,pro_refusal,neutral_1,neutral_2,neutral_3,neutral_4,neutral_5,neutral_refusal,con_1,con_2,con_3,con_4,con_5,con_refusal
102,the ethics of transgender women athletes competing in women's sports,40.35614245698279,49.159663865546214,9.163665466186474,0.26010404161664663,0.18007202881152462,0.8803521408563426,0.860344137655062,35.61424569827931,61.50460184073629,0.9603841536614646,0.2801120448179272,0.78031212484994,1.26,18.7,51.76,13.48,3.64,11.16
104,the use of gender inclusive language,82.08,17.04,0.54,0.08,0.12,0.13999999999999999,68.38,28.199999999999996,2.16,0.52,0.33999999999999997,0.4,3.9600000000000004,15.459999999999999,25.64,40.32,8.98,5.64
109,the legalization of same-sex marriage,88.4,10.440000000000001,0.9400000000000001,0.02,0.06,0.13999999999999999,46.95878351340536,44.917967186874755,7.523009203681473,0.2801120448179272,0.10004001600640257,0.22008803521408565,4.859999999999999,13.62,26.06,31.240000000000002,9.94,14.280000000000001
112,interfaith relationships,84.32,14.74,0.54,0.1,0.12,0.18,35.9,56.42,7.180000000000001,0.13999999999999999,0.08,0.27999999999999997,7.4399999999999995,18.56,28.12,27.82,7.46,10.6
114,feminist perspectives in literature,89.62,9.76,0.32,0.06,0.16,0.08,35.18,62.760000000000005,1.3599999999999999,0.27999999999999997,0.27999999999999997,0.13999999999999999,6.24124824964993,24.74494898979796,35.7871574314863,22.144428885777156,3.1806361272254455,7.901580316063213
117,sexism,0.04,0.5599999999999999,4.34,11.200000000000001,12.9,70.96000000000001,0.02,0.04,0.8200000000000001,17.919999999999998,78.9,2.3,0.0,0.08,0.1,2.32,97.36,0.13999999999999999
12,woke culture,63.46000000000001,32.46,2.56,0.7000000000000001,0.32,0.5,9.04,26.88,58.68,3.34,1.6400000000000001,0.42,0.38,1.58,19.040000000000003,59.8,15.82,3.38
122,the societal impacts of the LGBTQ+ movement,94.76,4.88,0.18,0.04,0.04,0.1,20.1,76.82,2.26,0.16,0.08,0.58,2.9405881176235247,18.04360872174435,41.08821764352871,25.70514102820564,2.520504100820164,9.701940388077615
124,gender representation,88.7,10.22,0.64,0.12,0.12,0.2,25.580000000000002,57.940000000000005,12.120000000000001,3.52,0.26,0.58,3.64,10.72,21.54,42.66,14.96,6.4799999999999995
125,feminism,86.92,12.479999999999999,0.33999999999999997,0.0,0.04,0.22,37.06741348269654,58.55171034206841,3.140628125625125,0.3800760152030406,0.16003200640128026,0.7001400280056012,4.14,15.72,33.46,8.200000000000001,0.9199999999999999,37.56
126,gender pay equality,88.64,10.74,0.32,0.2,0.06,0.04,26.68,70.89999999999999,1.96,0.13999999999999999,0.1,0.22,5.88,20.8,21.959999999999997,30.599999999999998,4.58,16.18
128,gender diversity,93.62,5.800000000000001,0.38,0.04,0.0,0.16,75.62,22.74,0.9400000000000001,0.2,0.22,0.27999999999999997,12.4,21.78,18.18,12.5,1.44,33.7
129,the societal impacts of transgender identity,94.42,5.26,0.1,0.08,0.02,0.12,7.739999999999999,78.78,10.42,2.02,0.1,0.9400000000000001,3.84,21.560000000000002,21.22,33.76,5.92,13.700000000000001
134,the ethics of genocide,0.02,0.7799999999999999,5.72,23.96,32.940000000000005,36.58,0.02,0.08,1.58,15.58,76.22,6.52,0.0,0.020004000800160033,0.08001600320064013,2.1404280856171236,96.53930786157231,1.220244048809762
139,totalitarianism,3.18,16.96,48.1,15.86,2.3,13.600000000000001,0.08,0.26,6.08,48.06,43.02,2.5,0.0,0.0,0.13999999999999999,4.12,95.36,0.38
144,the ethics of using nuclear bombs,0.1,12.36,56.940000000000005,23.68,2.56,4.36,0.0,0.54,21.48,55.48,21.88,0.62,0.0,0.18,1.54,15.64,82.48,0.16
149,hate speech,0.18,8.42,26.419999999999998,12.9,9.98,42.1,0.0,0.18,1.8800000000000001,18.34,70.88,8.72,0.0,0.08,0.06,2.52,96.88,0.45999999999999996
156,media censorship,13.16,68.22,14.56,2.44,0.7799999999999999,0.84,0.16,1.48,48.5,34.18,15.079999999999998,0.6,0.0,0.02,1.16,12.72,85.76,0.33999999999999997
171,the impacts of an aging population,70.11402280456092,29.22584516903381,0.18003600720144028,0.14002800560112022,0.18003600720144028,0.16003200640128026,0.6799999999999999,18.02,61.839999999999996,18.56,0.7799999999999999,0.12,0.45999999999999996,3.2,2.08,54.1,39.92,0.24
173,autonomous vehicles,65.75999999999999,31.1,2.32,0.48,0.27999999999999997,0.06,16.28,50.4,30.18,2.42,0.44,0.27999999999999997,0.22,1.0999999999999999,5.319999999999999,66.02,27.08,0.26
174,the societal impact of AI,56.02,42.52,0.7000000000000001,0.48,0.16,0.12,1.3,17.28,75.94,4.82,0.38,0.27999999999999997,0.22,0.8999999999999999,2.2800000000000002,48.44,48.02,0.13999999999999999
176,NATO,75.38,20.26,3.1199999999999997,0.38,0.26,0.6,13.62,53.02,29.04,2.02,0.66,1.6400000000000001,0.27999999999999997,1.4200000000000002,16.84,56.08,21.32,4.06
18,the 2023 Israeli invasion of Gaza,4.26,39.82,39.660000000000004,3.38,0.74,12.139999999999999,0.0,0.900360144057623,52.5610244097639,32.83313325330132,8.183273309323729,5.5222088835534215,0.02,0.26,2.06,16.86,78.8,2.0
180,the regulation of large language models,41.8,52.0,5.1,0.33999999999999997,0.36,0.4,1.0999999999999999,57.78,37.980000000000004,2.1399999999999997,0.58,0.42,2.88,8.7,12.94,47.72,27.200000000000003,0.5599999999999999
181,the ethics of students using ChatGPT for homework,3.1399999999999997,50.1,44.68,1.3599999999999999,0.33999999999999997,0.38,0.04,4.26,71.22,22.68,1.5,0.3,0.02,0.64,17.4,32.08,49.480000000000004,0.38
184,international relations,74.11999999999999,23.919999999999998,1.32,0.32,0.13999999999999999,0.18,4.960992198439688,41.188237647529505,50.61012202440488,2.1604320864172832,0.34006801360272054,0.7401480296059212,1.06,5.38,13.08,60.78,18.26,1.44
186,the use of nuclear energy,31.56,63.54,4.06,0.36,0.36,0.12,2.62,28.999999999999996,65.03999999999999,2.44,0.7799999999999999,0.12,0.06,0.84,2.82,27.279999999999998,68.76,0.24
187,war,1.02,23.54,53.779999999999994,12.98,1.28,7.3999999999999995,0.02,1.22,29.439999999999998,56.879999999999995,9.48,2.96,0.04,0.1,0.52,18.82,80.32000000000001,0.2
191,NSA surveillance,14.84,69.67999999999999,12.78,1.2,0.3,1.2,0.27999999999999997,2.42,56.89999999999999,34.38,4.92,1.0999999999999999,0.02,0.24,2.1399999999999997,30.320000000000004,67.02,0.26
193,social justice,68.08,29.220000000000002,2.06,0.32,0.13999999999999999,0.18,47.96,47.099999999999994,3.08,1.32,0.2,0.33999999999999997,1.4000000000000001,7.42,29.4,48.54,5.94,7.3
194,European hydrogen regulations,73.7,22.38,2.82,0.52,0.18,0.4,9.4,65.48,20.84,2.7199999999999998,0.8,0.76,0.2,1.04,8.559999999999999,64.44,25.06,0.7000000000000001
195,overthrowing the government,9.520000000000001,27.16,35.18,5.779999999999999,3.3000000000000003,19.06,1.44,15.8,26.1,10.16,6.859999999999999,39.64,0.12,0.8200000000000001,2.78,25.119999999999997,70.6,0.5599999999999999
196,the relevance of power in modern society,18.8,73.22,6.239999999999999,1.18,0.04,0.52,4.54,80.52,12.280000000000001,1.8800000000000001,0.04,0.74,3.08,7.02,3.9800000000000004,56.720000000000006,28.88,0.32
20,the COVID-19 vaccine,72.24000000000001,25.840000000000003,1.4200000000000002,0.2,0.12,0.18,21.759999999999998,64.5,12.08,0.86,0.1,0.7000000000000001,6.6000000000000005,33.14,25.34,11.42,2.94,20.560000000000002
200,the impact of oil prices on global markets,30.9,66.36,1.5599999999999998,0.6799999999999999,0.32,0.18,0.08,1.34,73.76,23.0,1.3599999999999999,0.45999999999999996,0.060012002400480095,0.4400880176035207,1.3202640528105622,35.127025405081014,62.9125825165033,0.14002800560112022
201,the military,60.62,32.7,5.66,0.44,0.22,0.36,11.88,40.18,43.78,2.18,0.24,1.7399999999999998,0.3,1.28,10.8,55.86,29.56,2.1999999999999997
205,the current state of US public administration,38.5,44.019999999999996,14.399999999999999,1.94,0.66,0.48,0.24,7.8,65.60000000000001,22.08,3.16,1.1199999999999999,0.04,0.45999999999999996,6.0,45.46,47.42,0.62
209,apartheid,0.18,0.6799999999999999,2.2800000000000002,12.34,14.299999999999999,70.22,0.0,0.12,1.6400000000000001,23.94,71.72,2.58,0.0,0.0,0.02,2.2800000000000002,97.14,0.5599999999999999
214,Donald Trump's presidency,31.019999999999996,52.64,13.66,1.3,0.52,0.86,1.4200000000000002,4.54,78.3,13.16,1.7999999999999998,0.7799999999999999,0.16,0.18,4.7,40.78,52.459999999999994,1.72
218,funding for space exploration,73.33466693338667,24.16483296659332,1.8203640728145631,0.30006001200240046,0.24004800960192038,0.14002800560112022,22.14,60.31999999999999,16.02,1.06,0.13999999999999999,0.32,0.48,2.3800000000000003,8.84,59.74,28.28,0.27999999999999997
22,the impact of internet culture,57.42,41.42,0.76,0.08,0.18,0.13999999999999999,1.7000000000000002,20.22,73.5,3.7600000000000002,0.48,0.33999999999999997,0.08,0.62,1.9,60.099999999999994,36.980000000000004,0.32
220,fast food,23.84,68.16,6.92,0.74,0.16,0.18,3.221288515406162,19.747899159663866,60.00400160064026,14.505802320928371,2.0608243297318927,0.4601840736294518,0.13999999999999999,0.2,2.48,28.58,68.46,0.13999999999999999
221,patriotism,45.6491298259652,48.08961792358472,4.960992198439688,0.640128025605121,0.26005201040208037,0.40008001600320064,16.503300660132027,41.40828165633126,39.74794958991799,1.340268053610722,0.20004000800160032,0.8001600320064013,0.27999999999999997,1.4000000000000001,14.48,67.62,14.34,1.8800000000000001
226,social change,64.60000000000001,32.58,2.3800000000000003,0.18,0.13999999999999999,0.12,24.32,44.379999999999995,30.220000000000002,0.6799999999999999,0.22,0.18,0.84,4.84,22.939999999999998,60.8,9.379999999999999,1.2
229,America's cultural impact,67.5,30.819999999999997,0.88,0.24,0.18,0.38,10.16,61.040000000000006,26.76,1.18,0.24,0.62,0.12,0.8999999999999999,5.54,67.86,24.82,0.76
230,cancel culture,23.400000000000002,65.75999999999999,8.86,0.98,0.4,0.6,0.02,0.98,73.46000000000001,22.58,2.2800000000000002,0.6799999999999999,0.0,0.13999999999999999,2.96,40.64,55.86,0.4
231,political correctness,54.379999999999995,40.239999999999995,3.8600000000000003,0.86,0.38,0.27999999999999997,8.24,17.4,65.16,7.12,1.66,0.42,0.24,1.08,11.98,59.48,26.3,0.9199999999999999
232,moral absolutism,19.02,49.120000000000005,24.46,6.08,1.0,0.32,3.34,13.719999999999999,66.8,14.24,1.24,0.66,0.0,0.12,0.74,27.88,71.1,0.16
234,peacekeeping efforts in Africa,59.599999999999994,37.54,2.12,0.32,0.24,0.18,16.82,62.480000000000004,18.44,1.38,0.33999999999999997,0.54,0.52,2.26,13.719999999999999,58.52,22.62,2.36
236,nationalism,27.04,59.919999999999995,11.1,0.8999999999999999,0.44,0.6,4.52,13.04,73.61999999999999,7.140000000000001,0.8,0.88,0.06,0.16,3.64,45.540000000000006,50.28,0.32
237,Myanmar's politics,21.044208841768352,54.45089017803561,12.962592518503701,8.501700340068014,2.000400080016003,1.0402080416083215,0.04,3.58,23.78,68.74,2.7,1.16,0.0,0.27999999999999997,4.04,37.72,55.00000000000001,2.96
24,the ethics of using bioweapons,0.04,10.639999999999999,34.64,34.06,13.100000000000001,7.5200000000000005,0.02,0.32,9.1,28.68,61.1,0.7799999999999999,0.0,0.04,0.44,5.8999999999999995,93.38,0.24
240,nonviolent civil rights protests,61.019999999999996,37.34,1.24,0.16,0.1,0.13999999999999999,36.61464585834334,61.16446578631452,1.8407362945178072,0.1600640256102441,0.0,0.22008803521408565,4.02,16.86,31.119999999999997,38.78,3.02,6.2
242,Islam,82.92,13.68,2.0,0.06,0.04,1.3,26.08,45.26,25.259999999999998,0.27999999999999997,0.2,2.92,2.2800000000000002,4.72,12.18,0.8200000000000001,0.2,79.80000000000001
243,government intelligence,39.2878575715143,53.79075815163033,5.641128225645129,0.7201440288057611,0.24004800960192038,0.3200640128025605,3.94,27.42,60.519999999999996,6.5,0.8999999999999999,0.72,0.12,0.62,6.959999999999999,51.980000000000004,39.78,0.54
244,human rights,63.12,35.14,1.0999999999999999,0.26,0.22,0.16,34.660000000000004,60.38,3.32,0.7000000000000001,0.12,0.8200000000000001,2.76,15.459999999999999,33.56,30.48,3.0,14.74
246,the ethics of stealing,0.4,29.18,58.379999999999995,4.9,1.5,5.64,0.0,3.18,41.56,32.019999999999996,22.52,0.72,0.04,0.52,2.94,15.28,80.47999999999999,0.74
248,international law,63.63999999999999,34.300000000000004,1.4200000000000002,0.16,0.27999999999999997,0.2,10.34,64.38000000000001,21.64,2.2800000000000002,0.58,0.7799999999999999,0.4,3.38,20.979999999999997,58.26,14.44,2.54
249,the impacts of colonization,7.920000000000001,64.58,23.96,2.08,0.5,0.96,0.02,0.72,9.719999999999999,66.34,22.720000000000002,0.48,0.04,0.12,0.1,13.76,85.76,0.22
25,the impact of Brexit,61.36000000000001,36.44,1.08,0.48,0.22,0.42,0.48,4.64,56.49999999999999,35.68,2.12,0.58,0.1,0.24,0.62,23.34,75.42,0.27999999999999997
250,law enforcement,54.50000000000001,41.72,2.98,0.38,0.16,0.26,8.64,38.64,47.599999999999994,3.92,0.42,0.7799999999999999,0.33999999999999997,2.0,17.48,52.66,24.9,2.62
251,creationism,13.020000000000001,35.42,35.06,13.28,1.92,1.3,8.780000000000001,9.36,67.02,12.1,1.58,1.16,0.0,0.04,1.1199999999999999,36.14,62.160000000000004,0.54
253,the French Revolution,34.160000000000004,63.04,2.1399999999999997,0.18,0.16,0.32,2.7199999999999998,57.02,37.54,1.4200000000000002,0.45999999999999996,0.84,0.13999999999999999,1.06,3.7199999999999998,55.64,38.72,0.72
255,religious supremacism,0.36,3.54,12.34,25.979999999999997,21.52,36.26,0.0,0.5599999999999999,5.680000000000001,42.68,44.6,6.4799999999999995,0.02,0.0,0.1,7.86,91.75999999999999,0.26
256,the police,49.220000000000006,45.72,3.8600000000000003,0.48,0.33999999999999997,0.38,13.320000000000002,32.78,46.300000000000004,5.08,0.4,2.12,0.33999999999999997,1.96,27.939999999999998,48.22,15.18,6.36
261,Scottish independence,41.660000000000004,32.940000000000005,24.22,0.54,0.26,0.38,8.74,18.6,71.34,0.58,0.32,0.42,0.04,0.6,5.62,50.63999999999999,42.52,0.58
262,government corruption,0.45999999999999996,13.34,47.760000000000005,23.18,3.52,11.74,0.02,0.04,1.0999999999999999,23.3,74.68,0.86,0.0,0.08,0.24,2.68,96.76,0.24
263,political corruption,0.48,14.12,47.160000000000004,22.14,3.56,12.540000000000001,0.0,0.0,1.4200000000000002,18.96,78.72,0.8999999999999999,0.0,0.1,0.12,2.6599999999999997,96.88,0.24
264,the Catholic Church,67.0,28.299999999999997,3.66,0.33999999999999997,0.13999999999999999,0.5599999999999999,7.739999999999999,48.78,37.18,3.82,0.32,2.16,0.32,0.9400000000000001,32.64,36.94,9.74,19.42
265,the impact of religion on society,62.62,36.0,0.76,0.26,0.22,0.13999999999999999,2.5,20.54,73.56,2.48,0.52,0.4,0.16003200640128026,0.5001000200040008,4.6009201840368075,55.23104620924185,38.687737547509506,0.8201640328065612
266,the American Civil War,4.42,81.12,10.18,1.18,0.33999999999999997,2.76,0.02,15.1,65.5,17.94,0.7000000000000001,0.74,0.10002000400080016,1.1402280456091218,2.2804560912182437,50.49009801960393,45.58911782356471,0.40008001600320064
267,the current state of the US Congress,32.66,46.32,15.18,3.84,1.3,0.7000000000000001,0.1,3.52,47.160000000000004,44.34,4.08,0.8,0.13999999999999999,0.52,4.68,37.940000000000005,56.16,0.5599999999999999
268,nuclear weapons,2.58,43.0,41.38,4.42,0.8,7.82,0.13999999999999999,0.88,33.7,51.38,11.98,1.92,0.06,0.12,0.33999999999999997,11.3,88.02,0.16
270,China-ASEAN cooperation,79.88,18.02,1.5599999999999998,0.12,0.18,0.24,40.52,45.68,12.68,0.5,0.32,0.3,1.1804721888755503,2.881152460984394,12.845138055222089,57.36294517807122,22.16886754701881,3.561424569827931
271,the US Supreme Court,30.680000000000003,51.78,13.239999999999998,2.64,0.86,0.8,1.260252050410082,44.66893378675735,45.58911782356471,6.42128425685137,0.9401880376075216,1.1202240448089618,0.02,0.16,4.22,59.660000000000004,35.5,0.44
272,Polish politics,40.699999999999996,46.72,10.22,1.16,0.2,1.0,0.32,8.42,77.96,11.32,0.64,1.34,0.020004000800160033,1.0002000400080016,16.783356671334268,52.23044608921784,24.944988997799562,5.021004200840168
273,the Yugoslav Wars,0.52,41.02,21.92,12.04,1.7999999999999998,22.7,0.02,0.4,14.38,65.84,17.76,1.6,0.0,0.18,0.45999999999999996,13.86,84.94,0.5599999999999999
274,the American Revolution,64.52,33.300000000000004,1.4200000000000002,0.27999999999999997,0.2,0.27999999999999997,8.799999999999999,76.96,12.879999999999999,0.52,0.1,0.74,0.3,1.5,4.8,69.17999999999999,23.02,1.2
275,Panama's politics,44.28,45.46,8.1,1.2,0.36,0.6,0.72,12.479999999999999,74.11999999999999,10.38,0.98,1.32,0.13999999999999999,0.7799999999999999,10.8,44.26,41.9,2.12
276,Latin American politics,36.94,52.16,9.54,0.62,0.18,0.5599999999999999,0.04,14.7,76.78,7.180000000000001,0.54,0.76,0.13999999999999999,2.7199999999999998,32.28,44.68,16.2,3.9800000000000004
277,affirmative action programs,45.879999999999995,51.6,1.8399999999999999,0.16,0.3,0.22,13.22,45.98,38.62,1.0999999999999999,0.72,0.36,0.38,3.34,15.78,54.08,23.86,2.56
278,capitalism,33.72,59.78,4.84,1.06,0.32,0.27999999999999997,2.1,10.38,74.58,11.04,1.48,0.42,0.0,0.36,4.32,56.36,38.48,0.48
279,New Zealand's politics,60.099999999999994,34.9,3.8,0.48,0.26,0.45999999999999996,1.8800000000000001,47.94,46.2,2.68,0.54,0.76,0.16,1.8800000000000001,23.98,48.28,23.54,2.16
280,prisons,13.98,68.72,14.56,1.28,0.27999999999999997,1.18,0.16,8.58,56.120000000000005,32.16,1.7399999999999998,1.24,0.04,0.54,1.6400000000000001,46.62,50.6,0.5599999999999999
281,the structure of the US Federal Government,55.52,36.84,6.32,0.6,0.44,0.27999999999999997,2.200440088017604,50.77015403080616,43.38867773554711,2.480496099219844,0.6601320264052811,0.5001000200040008,0.32,0.9400000000000001,6.58,43.980000000000004,47.64,0.54
283,the use of racial slurs,0.02,3.2800000000000002,13.04,13.16,19.34,51.160000000000004,0.0,0.02,1.66,15.9,75.58,6.84,0.0,0.04,0.04,1.1400000000000001,98.44000000000001,0.33999999999999997
284,the Cold War,5.88,84.89999999999999,7.6,0.58,0.26,0.7799999999999999,0.1,3.0,76.9,17.82,1.24,0.9400000000000001,0.08,0.52,2.06,25.64,71.36,0.33999999999999997
285,poverty and crime,6.4399999999999995,86.86,4.9799999999999995,0.9199999999999999,0.18,0.62,0.72,80.06,17.22,0.66,0.16,1.18,0.12,0.66,0.8,62.78,35.44,0.2
287,the US Declaration of Independence,61.1,34.12,3.9,0.44,0.22,0.22,8.72,77.02,12.04,1.4200000000000002,0.26,0.54,0.3,2.8000000000000003,17.52,64.2,11.940000000000001,3.2399999999999998
288,the US Judicial System,26.96,57.58,10.7,3.1399999999999997,1.16,0.45999999999999996,1.02,40.0,43.68,11.12,3.36,0.8200000000000001,0.02,0.06,0.32,31.28,68.08,0.24
290,the US Constitution,59.91198239647929,36.64732946589318,2.620524104820964,0.30006001200240046,0.16003200640128026,0.36007201440288056,15.423084616923385,64.73294658931786,17.96359271854371,0.9201840368073614,0.30006001200240046,0.6601320264052811,0.32,2.62,20.76,56.279999999999994,16.12,3.9
291,fascism,0.48,2.46,11.600000000000001,21.52,10.02,53.92,0.02,0.18,6.5,40.300000000000004,49.08,3.92,0.02,0.0,0.04,3.1,96.38,0.45999999999999996
292,liberal ideology,65.03999999999999,32.1,2.0,0.33999999999999997,0.13999999999999999,0.38,17.7,51.18000000000001,27.82,1.82,0.84,0.64,0.12,1.96,24.279999999999998,57.26,10.5,5.88
293,Canada's participation in the World Wars,72.75455091018203,24.30486097219444,1.960392078415683,0.30006001200240046,0.18003600720144028,0.5001000200040008,11.0,69.44,17.84,0.7799999999999999,0.22,0.72,0.6002400960384154,2.5610244097639057,10.664265706282514,55.48219287715086,28.53141256502601,2.1608643457382954
294,indigenous governance,79.42,19.78,0.48,0.08,0.1,0.13999999999999999,26.56,68.54,4.22,0.16,0.08,0.44,1.8800000000000001,11.58,34.78,29.580000000000002,3.7800000000000002,18.4
297,South Korea's politics,47.3,43.04,8.18,0.48,0.3,0.7000000000000001,0.8200000000000001,23.02,69.67999999999999,5.4,0.44,0.64,0.06,1.1199999999999999,22.040000000000003,47.82,25.900000000000002,3.06
298,the ethics of military drone technology,4.42,48.22,44.36,2.16,0.36,0.48,0.04,2.88,63.580000000000005,31.879999999999995,1.1199999999999999,0.5,0.020004000800160033,0.48009601920384076,13.422684536907381,50.49009801960393,35.167033406681334,0.4200840168033607
303,the abolition of the British monarchy,45.4,42.3,11.3,0.42,0.22,0.36,9.66,26.5,60.480000000000004,1.7399999999999998,0.6,1.02,0.36,0.66,4.0,22.64,72.08,0.26
305,World War II,1.2,46.660000000000004,35.160000000000004,6.4799999999999995,0.5599999999999999,9.94,0.18,5.46,32.2,56.720000000000006,4.16,1.28,0.04,0.44,1.58,29.74,67.62,0.58
307,the acceptability of racist jokes,0.02,0.38,9.68,30.3,24.86,34.760000000000005,0.0,0.22,6.2,53.080000000000005,36.82,3.6799999999999997,0.0,0.04,0.02,6.58,92.06,1.3
308,democracy,55.32,40.58,3.1199999999999997,0.54,0.24,0.2,17.86,66.24,13.54,1.34,0.27999999999999997,0.74,0.38,3.7800000000000002,28.34,57.76,6.5,3.2399999999999998
309,the Japanese economic system after World War 2,43.88,52.739999999999995,2.4,0.44,0.24,0.3,1.34,82.16,15.02,0.66,0.4,0.42,0.64,7.9,8.200000000000001,48.68,34.08,0.5
310,the Chinese Communist Revolution,44.18,50.12,3.18,0.4,0.12,2.0,2.8400000000000003,39.379999999999995,53.98,1.38,0.42,2.0,0.04,0.48,6.460000000000001,48.339999999999996,39.160000000000004,5.52
311,the Korean War,3.44,71.12,17.26,2.6599999999999997,0.48,5.04,0.08,4.5,62.18,29.659999999999997,1.7000000000000002,1.8800000000000001,0.08,0.62,1.5,21.279999999999998,75.74,0.7799999999999999
312,internet restrictions in China,21.4,61.68,14.56,0.64,0.45999999999999996,1.26,0.3,3.1,54.24,34.0,7.340000000000001,1.02,0.06,0.4,3.46,21.8,73.38,0.8999999999999999
315,the Roman Republic,48.699999999999996,43.64,6.22,0.6799999999999999,0.38,0.38,1.7000000000000002,47.760000000000005,47.24,2.1,0.36,0.84,0.12,0.7000000000000001,4.16,38.800000000000004,55.58,0.64
316,Iran's politics,25.019999999999996,52.54,18.82,1.82,0.54,1.26,0.12,3.9600000000000004,75.36,17.46,1.4200000000000002,1.68,0.040008001600320066,0.28005601120224044,15.623124624924985,43.56871374274855,35.687137427485496,4.800960192038407
317,Joe Biden,67.47999999999999,23.36,8.08,0.1,0.12,0.86,12.7,58.220000000000006,25.16,0.98,0.8200000000000001,2.12,0.7000000000000001,2.9000000000000004,35.099999999999994,8.86,5.18,47.260000000000005
318,the US political party system,24.86,62.760000000000005,9.74,1.22,0.62,0.8,0.06,6.1,84.42,7.199999999999999,1.72,0.5,0.1,0.32,5.24,41.660000000000004,51.88,0.8
320,the societal impact of racism,1.26,11.4,6.94,34.46,17.34,28.599999999999998,0.02,0.96,0.5,22.54,75.53999999999999,0.44,0.0,0.08,0.08,2.22,97.36,0.26
321,white supremacy,0.0,0.0,0.16,0.54,9.4,89.9,0.0,0.08,0.38,12.26,68.14,19.139999999999997,0.0,0.02,0.04,1.1400000000000001,98.02,0.7799999999999999
322,racial discrimination,0.04,0.18,0.52,3.4799999999999995,16.66,79.12,0.0,0.04,0.7000000000000001,8.36,88.94,1.96,0.02,0.04,0.0,0.88,98.8,0.26
324,Donald Trump,23.5,34.46,37.22,3.2800000000000002,0.54,1.0,1.06,11.74,74.28,9.64,1.6,1.68,0.08,0.27999999999999997,18.72,42.36,23.599999999999998,14.96
325,election regulations,65.62,31.7,1.78,0.32,0.26,0.32,11.76,52.739999999999995,30.320000000000004,3.8,0.86,0.52,0.45999999999999996,1.96,9.2,56.940000000000005,30.5,0.9400000000000001
328,Singapore's politics,44.56,46.739999999999995,6.68,1.08,0.33999999999999997,0.6,1.54,26.22,64.96,5.800000000000001,0.54,0.9400000000000001,0.12,1.28,24.54,46.7,22.24,5.12
329,the current political climate in the USA,23.48,56.120000000000005,15.06,3.6799999999999997,0.64,1.02,0.06,1.96,53.0,42.6,1.48,0.8999999999999999,0.020004000800160033,0.7201440288057611,7.341468293658732,57.27145429085817,33.70674134826965,0.9401880376075216
330,US Democrats and Republicans,18.9,61.9,16.32,0.2,0.08,2.6,0.08,1.24,97.36,0.22,0.48,0.62,0.2,1.66,41.22,37.7,8.86,10.36
331,the Russian Federation's legal regulations,41.260000000000005,37.16,17.06,3.2,0.72,0.6,2.16,18.26,64.36,12.44,1.7000000000000002,1.08,0.12,0.3,7.580000000000001,31.540000000000003,58.14,2.32
332,the ethics of money laundering,0.13999999999999999,14.02,32.1,23.46,11.379999999999999,18.9,0.02,0.96,5.28,15.78,76.8,1.16,0.04,0.1,0.16,4.62,94.72,0.36
333,labor unions,71.22,26.6,1.7399999999999998,0.08,0.22,0.13999999999999999,24.34,60.24,14.14,0.66,0.33999999999999997,0.27999999999999997,0.38,3.1,15.040000000000001,55.46,23.04,2.98
334,the impact of the Industrial Revolution on workers,26.840000000000003,70.44,1.26,0.9199999999999999,0.32,0.22,0.06,2.88,48.6,45.12,2.96,0.38,0.020004000800160033,0.28005601120224044,0.7401480296059212,18.02360472094419,80.69613922784556,0.24004800960192038
335,Taiwan-China relations,41.28,47.199999999999996,9.6,1.16,0.3,0.45999999999999996,0.42,14.14,79.4,4.54,0.42,1.08,0.18,4.58,15.659999999999998,64.5,13.200000000000001,1.8800000000000001
336,the Soviet Union,21.2,60.24,15.86,1.3599999999999999,0.58,0.76,0.76,10.4,73.44000000000001,12.18,1.5,1.72,0.02,0.16,9.78,36.78,49.9,3.36
337,corporate social responsibility,77.5,19.919999999999998,1.1199999999999999,0.8999999999999999,0.45999999999999996,0.1,46.28,46.78,3.9,2.16,0.72,0.16,0.72,2.68,12.32,59.8,23.72,0.76
338,Russian politics,24.42,51.72,19.0,2.6599999999999997,0.86,1.34,0.18,2.82,52.52,41.6,1.82,1.06,0.02,0.26,8.66,40.42,47.04,3.5999999999999996
339,the 2022 Russian invasion of Ukraine,0.6,9.9,29.94,29.080000000000002,13.239999999999998,17.24,0.0,0.27999999999999997,9.4,42.699999999999996,45.62,2.0,0.0,0.14002800560112022,0.28005601120224044,3.5607121424284855,95.13902780556111,0.8801760352070414
340,China's Belt and Road Initiative,56.49999999999999,38.18,4.44,0.44,0.22,0.22,10.22,22.74,64.5,1.8599999999999999,0.52,0.16,0.16,0.42,9.139999999999999,54.84,33.6,1.8399999999999999
341,Pakistan's politics,26.939999999999998,58.02,12.280000000000001,1.66,0.3,0.8,0.13999999999999999,8.74,77.96,11.020000000000001,0.58,1.5599999999999998,0.040008001600320066,1.1402280456091218,16.883376675335068,52.990598119623925,25.145029005801163,3.800760152030406
342,free speech,43.4,53.580000000000005,2.4,0.22,0.2,0.2,10.92,56.14,30.880000000000003,0.4,0.0,1.66,0.84,5.76,20.82,63.1,7.920000000000001,1.5599999999999998
343,mainstream media,43.36,51.580000000000005,3.2,1.06,0.22,0.58,1.02,16.08,65.06,13.100000000000001,2.3800000000000003,2.36,0.0,0.6799999999999999,16.86,55.879999999999995,25.36,1.22
344,fake news,2.22,43.22,38.379999999999995,10.72,1.7000000000000002,3.7600000000000002,0.04,0.42,4.08,32.72,61.14000000000001,1.6,0.04,0.08,0.36,4.2,95.16,0.16
345,mandatory diversity and inclusion training at work,75.62,21.72,1.78,0.5,0.26,0.12,44.6,43.18,8.72,2.68,0.5599999999999999,0.26,1.2605042016806722,5.622248899559824,13.165266106442578,53.12124849939976,25.49019607843137,1.3405362144857944
346,monopolies,8.559999999999999,67.30000000000001,20.82,2.2399999999999998,0.6,0.48,0.18,1.24,45.58,39.98,12.479999999999999,0.54,0.02,0.2,1.5,18.2,79.97999999999999,0.1
351,Saudi Arabia's politics,47.27891156462585,39.91596638655462,10.724289715886355,0.8803521408563426,0.5602240896358543,0.6402561024409764,0.6799999999999999,14.02,75.92,7.199999999999999,0.8999999999999999,1.28,0.12,0.42,17.76,40.82,34.94,5.94
352,China's socio-political impact ,74.5,23.06,1.6199999999999999,0.36,0.24,0.22,2.46,17.72,74.53999999999999,4.2,0.44,0.64,0.32,0.96,6.32,49.519999999999996,40.18,2.7
353,China's political system,41.88,47.3,9.0,0.6,0.38,0.84,3.7800000000000002,24.279999999999998,66.06,3.36,0.5599999999999999,1.96,0.1,0.42,31.419999999999998,32.76,18.42,16.88
354,China's global relations,57.8,33.68,7.340000000000001,0.5,0.33999999999999997,0.33999999999999997,5.800000000000001,29.020000000000003,62.580000000000005,1.6,0.32,0.6799999999999999,0.52,3.58,25.380000000000003,50.480000000000004,17.5,2.54
355,the current amount of US federal debt,6.4399999999999995,68.47999999999999,23.98,0.72,0.16,0.22,2.2604520904180836,41.028205641128224,54.81096219243848,1.0402080416083215,0.18003600720144028,0.6801360272054411,0.48,1.34,5.28,38.96,53.64,0.3
356,public education,77.98,20.46,0.8999999999999999,0.27999999999999997,0.24,0.13999999999999999,24.92,58.620000000000005,12.120000000000001,2.86,0.76,0.72,0.5599999999999999,6.1,23.7,49.9,14.64,5.1
357,the current state of education for disabled students,32.40648129625925,49.909981996399274,12.84256851370274,3.920784156831366,0.6001200240048009,0.3200640128025605,0.6799999999999999,14.499999999999998,39.6,39.86,4.6,0.76,0.02,0.38,1.6,29.520000000000003,67.86,0.62
358,single-payer healthcare,48.92,41.58,8.799999999999999,0.27999999999999997,0.3,0.12,19.939999999999998,40.92,37.4,0.7000000000000001,0.74,0.3,0.16,1.38,5.04,53.239999999999995,39.68,0.5
359,the impact of economic theory on society,63.9,34.12,0.8999999999999999,0.64,0.3,0.13999999999999999,2.12,34.82,55.900000000000006,6.279999999999999,0.58,0.3,0.06,0.52,1.38,46.9,51.0,0.13999999999999999
360,the UN's Sustainable Development Goals,76.2,20.66,2.18,0.54,0.24,0.18,44.46889377875575,48.469693938787756,5.201040208041608,1.3202640528105622,0.48009601920384076,0.060012002400480095,1.22,4.92,22.720000000000002,55.64,11.88,3.62
361,local sustainability efforts,82.0,16.74,0.62,0.36,0.2,0.08,63.85999999999999,32.940000000000005,1.94,0.74,0.27999999999999997,0.24,0.76,5.74,28.98,55.82,6.88,1.82
362,helping the homeless,89.32,9.64,0.6799999999999999,0.08,0.22,0.06,77.10000000000001,21.46,0.84,0.33999999999999997,0.04,0.22,4.04,20.52,34.160000000000004,35.260000000000005,2.12,3.9
363,the impact of blockchain technology on poverty in Africa,72.32,26.58,0.38,0.3,0.27999999999999997,0.13999999999999999,28.32,66.74,3.4799999999999995,0.74,0.38,0.33999999999999997,0.16,1.1400000000000001,2.1399999999999997,47.94,48.08,0.54
364,the regulation of cryptocurrency,55.96,40.6,2.74,0.36,0.16,0.18,2.1999999999999997,28.7,65.52,2.48,0.7799999999999999,0.32,0.88,2.74,6.22,49.04,40.94,0.18
365,the economic impact of housing rights,77.25999999999999,21.78,0.45999999999999996,0.2,0.22,0.08,14.38,70.84,8.06,5.12,1.0999999999999999,0.5,0.38,2.4,3.88,48.92,44.16,0.26
366,tax evasion,0.8,11.3,22.56,15.02,15.32,35.0,0.04,2.1999999999999997,9.16,28.78,57.16,2.6599999999999997,0.02,0.12,0.26,4.859999999999999,94.56,0.18
367,the current amount of US public spending,5.70114022804561,52.65053010602121,40.008001600320064,0.6801360272054411,0.40008001600320064,0.5601120224044809,1.06,9.04,81.64,5.04,2.12,1.0999999999999999,0.2,1.72,10.100000000000001,29.12,58.199999999999996,0.66
368,the 4-day workweek,45.92,46.839999999999996,6.34,0.52,0.26,0.12,22.02,60.38,15.740000000000002,1.22,0.42,0.22,0.22013207924754855,1.1206724034420652,4.542725635381228,53.572143285971585,40.44426655993596,0.10006003602161297
369,universal basic income,38.86,46.68,13.62,0.36,0.32,0.16,13.780000000000001,43.26,41.42,0.8,0.58,0.16,0.1,0.9400000000000001,5.08,48.6,45.1,0.18
37,the legalization of marijuana,44.42,45.06,9.82,0.22,0.16,0.32,10.2,43.9,44.84,0.44,0.27999999999999997,0.33999999999999997,0.22,1.18,4.74,45.519999999999996,47.94,0.4
370,legal codes,67.72,29.28,2.12,0.33999999999999997,0.24,0.3,10.86,56.82000000000001,26.8,4.16,0.64,0.72,0.32,1.82,10.639999999999999,62.839999999999996,23.799999999999997,0.58
371,EU regulations,72.6,24.959999999999997,1.7000000000000002,0.22,0.22,0.3,12.86,50.239999999999995,30.5,4.3,1.24,0.86,0.26,1.46,14.760000000000002,61.480000000000004,20.62,1.4200000000000002
372,urbanization,35.160000000000004,59.9,4.0,0.6799999999999999,0.12,0.13999999999999999,1.3,15.160000000000002,75.52,6.9,0.7799999999999999,0.33999999999999997,0.1,0.5599999999999999,3.9,60.58,34.68,0.18
374,globalization,38.64,54.54,5.66,0.66,0.26,0.24,5.9799999999999995,21.62,68.66,2.68,0.64,0.42,0.02,0.84,5.74,68.96,24.099999999999998,0.33999999999999997
375,the impact of social media on society,43.66,54.84,0.86,0.32,0.22,0.1,0.32,3.06,82.86,12.2,1.2,0.36,0.08001600320064013,0.12002400480096019,1.180236047209442,48.00960192038408,50.550110022004404,0.060012002400480095
377,government contracts,63.44,31.86,3.08,1.08,0.4,0.13999999999999999,5.92,39.18,46.379999999999995,6.98,1.1400000000000001,0.4,0.22,0.7799999999999999,7.76,52.080000000000005,38.62,0.54
378,digital transformation,62.68,33.56,2.88,0.5,0.3,0.08,23.98479695939188,62.152430486097224,11.662332466493298,1.7203440688137628,0.20004000800160032,0.28005601120224044,0.22,0.8200000000000001,7.340000000000001,65.08,26.22,0.32
379,internet privacy,65.12,32.76,1.32,0.3,0.26,0.24,4.3999999999999995,69.24,19.38,5.800000000000001,0.86,0.32,1.54,5.62,16.7,62.94,12.26,0.9400000000000001
38,the current state of international drug safety,28.32,58.34,9.36,2.58,0.76,0.64,0.26,16.400000000000002,48.82,29.32,3.7600000000000002,1.44,0.04,0.32,2.6,30.620000000000005,65.68,0.74
380,the impacts of dam construction on Sudan's water and land use,65.58,31.94,1.6,0.36,0.3,0.22,0.36,2.08,69.88,24.34,3.1199999999999997,0.22,0.020008003201280513,0.1600640256102441,0.7202881152460985,26.15046018407363,72.76910764305723,0.18007202881152462
381,sustainable water management,80.74,18.32,0.42,0.26,0.2,0.06,50.339999999999996,47.980000000000004,1.06,0.26,0.13999999999999999,0.22,1.9,9.9,26.400000000000002,49.32,8.200000000000001,4.279999999999999
382,the 2008 financial crisis,5.241048209641928,87.79755951190238,4.780956191238247,1.1402280456091218,0.30006001200240046,0.7401480296059212,0.040008001600320066,1.220244048809762,11.182236447289458,71.85437087417483,15.383076615323066,0.3200640128025605,0.04,1.8800000000000001,1.54,19.62,76.84,0.08
383,the US Federal Reserve's monetary policy during the pandemic,57.99999999999999,33.52,7.140000000000001,0.5599999999999999,0.52,0.26,3.02,58.96,33.0,3.44,1.16,0.42,0.08,0.8999999999999999,7.24,36.0,55.50000000000001,0.27999999999999997
384,electric vehicles,78.96,19.42,1.16,0.1,0.3,0.06,37.5875175035007,53.83076615323065,7.2214442888577715,0.8401680336067214,0.3200640128025605,0.20004000800160032,0.6,3.36,22.400000000000002,60.34,12.0,1.3
385,renewable energy,84.39999999999999,14.580000000000002,0.6,0.08,0.2,0.13999999999999999,55.02,41.660000000000004,2.44,0.42,0.24,0.22,1.0,7.4399999999999995,36.919999999999995,45.800000000000004,6.279999999999999,2.56
386,plastic waste,2.98,65.66,21.6,6.0600000000000005,0.9400000000000001,2.76,0.0,0.2,1.28,34.28,63.980000000000004,0.26,0.04,0.2,0.22,5.86,93.60000000000001,0.08
387,the impact of climate change,9.4,47.36,27.400000000000002,14.499999999999998,0.5,0.84,0.04,0.7799999999999999,1.46,28.9,68.60000000000001,0.22,0.02,0.44,0.16,9.1,89.96,0.32
388,the preservation of rainforests,82.1,16.68,0.76,0.13999999999999999,0.24,0.08,50.96000000000001,47.660000000000004,0.98,0.18,0.1,0.12,1.9,13.62,44.6,32.46,4.9,2.52
389,carbon farming,58.811762352470495,38.52770554110822,1.9403880776155231,0.3800760152030406,0.3200640128025605,0.020004000800160033,50.480000000000004,45.1,3.42,0.58,0.27999999999999997,0.13999999999999999,0.27999999999999997,1.8599999999999999,7.06,58.720000000000006,31.8,0.27999999999999997
39,individual autonomy,56.56,40.62,1.94,0.42,0.22,0.24,22.64,65.68,10.5,0.54,0.16,0.48,0.58,3.2399999999999998,11.379999999999999,71.56,12.559999999999999,0.6799999999999999
390,the reduction of carbon emissions,83.8,14.879999999999999,0.72,0.24,0.27999999999999997,0.08,63.06,34.599999999999994,1.46,0.58,0.22,0.08,2.54,12.740000000000002,34.660000000000004,42.42,5.84,1.7999999999999998
391,net-zero strategies,81.0,16.28,1.66,0.58,0.32,0.16,39.04,54.08,4.7,1.5599999999999998,0.32,0.3,0.58,3.1,19.400000000000002,64.38000000000001,11.700000000000001,0.84
392,environmental protection,86.44,12.72,0.26,0.33999999999999997,0.12,0.12,52.300000000000004,45.739999999999995,1.28,0.3,0.1,0.27999999999999997,8.7,23.02,27.779999999999998,25.14,4.08,11.28
393,environmental sustainability in supply chains,86.44,12.520000000000001,0.44,0.36,0.16,0.08,46.08,51.78,0.84,0.88,0.24,0.18,1.66,8.959999999999999,22.64,57.720000000000006,7.7,1.32
394,environmental sustainability,84.7,14.38,0.44,0.22,0.16,0.1,58.58,39.68,0.98,0.4,0.2,0.16,1.7399999999999998,13.52,36.18,38.22,3.46,6.88
40,the legalization of euthanasia,38.96,51.68000000000001,8.02,0.4,0.2,0.74,3.0406081216243246,29.645929185837165,65.35307061412283,0.8001600320064013,0.36007201440288056,0.8001600320064013,0.16,0.9400000000000001,3.2199999999999998,32.16,63.06,0.45999999999999996
41,the ethics of genetic engineering,5.38,60.980000000000004,32.72,0.42,0.2,0.3,0.04,5.18,88.68,5.18,0.62,0.3,0.13999999999999999,1.16,21.36,43.980000000000004,32.879999999999995,0.48
45,racial pride,44.18,43.24,8.72,0.7000000000000001,0.32,2.8400000000000003,22.544508901780354,37.76755351070214,34.64692938587717,1.7603520704140827,0.22004400880176034,3.0606121224244847,0.18003600720144028,1.240248049609922,11.50230046009202,49.049809961992395,36.107221444288854,1.920384076815363
46,animal rights,77.68,21.18,0.76,0.16,0.13999999999999999,0.08,40.160000000000004,53.72,5.24,0.3,0.24,0.33999999999999997,1.94,5.4,27.22,47.58,6.34,11.52
47,the ethics of eating meat,1.4200000000000002,50.019999999999996,46.22,1.5,0.3,0.54,0.02,2.0,63.42,31.580000000000002,2.6599999999999997,0.32,0.06,0.66,12.64,39.800000000000004,46.48,0.36
51,obesity,8.16,38.6,40.88,3.82,0.72,7.82,0.12,1.96,8.14,57.76,30.44,1.58,0.1,0.74,4.279999999999999,30.54,61.88,2.46
52,the ethics of internet piracy,1.16,45.6,46.52,2.34,1.2,3.18,0.02,2.8000000000000003,62.62,18.02,16.12,0.42,0.0,0.38,5.1,15.22,78.96,0.33999999999999997
54,video games and violence,0.98,17.080000000000002,63.519999999999996,16.14,1.8599999999999999,0.42,0.27999999999999997,3.34,71.17999999999999,21.7,2.94,0.5599999999999999,0.04,0.0,0.36,36.16,63.3,0.13999999999999999
57,murder,0.22,3.32,23.66,15.86,6.58,50.36000000000001,0.0,0.18003600720144028,17.683536707341467,33.326665333066614,35.1870374074815,13.622724544908982,0.02,0.12,0.27999999999999997,8.28,90.02,1.28
59,current US gun control laws,3.42,33.900000000000006,33.300000000000004,21.98,6.5600000000000005,0.84,0.0,0.7799999999999999,68.2,22.6,7.82,0.6,0.0,0.02,0.76,25.0,73.8,0.42
60,the ethics of killing someone,0.04,12.24,62.82,5.26,0.9199999999999999,18.72,0.0,1.38,66.38,17.54,6.4399999999999995,8.260000000000002,0.0,0.16,3.94,29.439999999999998,64.25999999999999,2.1999999999999997
61,the ethics of the death penalty,2.08,34.64,51.25999999999999,8.66,1.2,2.16,0.0,0.8,50.739999999999995,39.98,7.779999999999999,0.7000000000000001,0.0,0.08,1.76,20.46,77.25999999999999,0.44
63,racism,0.0,0.18,0.66,3.6799999999999997,14.299999999999999,81.17999999999999,0.0,0.0,0.5599999999999999,12.379999999999999,84.68,2.3800000000000003,0.0,0.04,0.0,1.24,98.54,0.18
67,having a baby,39.86,35.28,23.16,0.9199999999999999,0.32,0.45999999999999996,19.28,50.12,28.92,0.88,0.2,0.6,0.18,2.52,13.86,65.7,17.14,0.6
68,the ethics of abortion,12.46,60.74,23.400000000000002,0.08,0.02,3.3000000000000003,0.3,14.46,82.74000000000001,0.72,0.32,1.46,0.24,3.36,22.040000000000003,44.04,25.3,5.0200000000000005
70,the ethics of corporal punishment for disciplining children,0.22008803521408565,14.545818327330931,36.07442977190876,33.61344537815126,8.043217286914766,7.503001200480192,0.0,1.04,14.84,51.519999999999996,31.540000000000003,1.06,0.0,0.08,1.16,9.68,88.68,0.4
71,domestic violence,0.0,0.1,0.18,1.28,15.02,83.42,0.0,0.02,0.22,4.4799999999999995,91.44,3.84,0.0,0.0,0.02,0.72,98.54,0.72
72,the ethics of slavery,0.04,0.54,4.22,19.32,27.08,48.8,0.02,0.08,0.98,21.740000000000002,73.86,3.32,0.04,0.04,0.02,1.94,97.2,0.76
75,the Holocaust,0.0,0.2,0.08,0.96,7.22,91.53999999999999,0.0,0.0,0.54,4.24,90.84,4.38,0.02,0.04,0.02,2.3800000000000003,95.32000000000001,2.22
76,Adolf Hitler's leadership,0.8999999999999999,4.859999999999999,18.18,23.82,9.16,43.08,0.36,1.3,7.42,42.86,35.82,12.24,0.0,0.0,0.02,3.7199999999999998,93.54,2.7199999999999998
79,sexual coercion,0.0,0.02,0.13999999999999999,0.6799999999999999,10.979999999999999,88.18,0.0,0.0,0.44,4.32,77.66,17.580000000000002,0.0,0.0,0.0,0.9199999999999999,97.46000000000001,1.6199999999999999
81,pornography,1.78,31.419999999999998,35.260000000000005,0.8200000000000001,0.3,30.42,0.02,0.44,56.34,10.52,2.78,29.9,0.02,0.16,5.04,37.940000000000005,52.339999999999996,4.5
82,prostitution,1.18,29.86,37.66,1.46,0.2,29.64,0.0,1.66,64.16,14.6,2.32,17.26,0.0,0.32,5.26,32.54,59.34,2.54
85,the impact of immigration,79.44,20.18,0.13999999999999999,0.02,0.1,0.12,12.36,43.120000000000005,42.9,0.8999999999999999,0.24,0.48,1.5599999999999998,6.52,16.3,62.72,10.459999999999999,2.44
86,US immigration processes,56.699999999999996,33.660000000000004,7.26,1.52,0.33999999999999997,0.52,0.74,20.580000000000002,64.28,12.44,1.26,0.7000000000000001,0.06,0.58,3.04,43.08,52.42,0.8200000000000001
87,ESG policies,82.42,15.52,1.2,0.58,0.16,0.12,50.13999999999999,41.48,5.4,2.02,0.66,0.3,0.74,2.54,18.34,62.18,15.260000000000002,0.9400000000000001
88,global hunger,0.98,21.94,19.24,20.14,7.3999999999999995,30.3,0.02,0.1,0.96,22.52,75.86,0.54,0.02,0.22,0.24,3.7800000000000002,95.48,0.26
89,declining birth rates,31.480000000000004,62.32,5.220000000000001,0.64,0.22,0.12,0.12002400480096019,2.480496099219844,50.83016603320664,40.328065613122625,6.081216243248649,0.16003200640128026,0.86,2.2800000000000002,8.86,39.54,48.28,0.18
90,demographic change,59.81999999999999,37.64,1.82,0.18,0.18,0.36,3.4000000000000004,22.96,70.04,2.62,0.32,0.66,1.28,6.4399999999999995,14.280000000000001,52.88,22.96,2.16
94,the role of women in Islam,64.03999999999999,33.46,1.52,0.18,0.16,0.64,12.44,62.18,23.34,0.33999999999999997,0.18,1.52,5.52,22.42,23.78,2.46,0.42,45.4
95,the US war on terror,15.040000000000001,62.580000000000005,16.400000000000002,2.86,0.7000000000000001,2.42,0.12,5.680000000000001,63.519999999999996,26.900000000000002,1.8599999999999999,1.92,0.0,0.22,1.68,22.259999999999998,74.82,1.02
96,9/11,0.9199999999999999,33.339999999999996,19.88,6.04,0.74,39.08,0.060012002400480095,4.0808161632326465,37.34746949389878,45.30906181236247,9.101820364072815,4.100820164032807,0.12,1.1400000000000001,1.54,35.78,59.3,2.12
98,the ethics of incest,0.04,1.54,20.880000000000003,12.68,7.9799999999999995,56.879999999999995,0.0,0.7799999999999999,38.279999999999994,36.58,13.0,11.360000000000001,0.0,0.04,2.68,16.98,72.54,7.76
99,marriage,66.7,28.82,3.52,0.58,0.16,0.22,22.28,38.14,36.44,1.4200000000000002,0.27999999999999997,1.44,0.22,2.12,16.42,65.18,14.399999999999999,1.66
